title,author,genre,publication_date,price
Honorable,Berrie McArtan,mystery,6/3/2002,47.71
Ms,Ruttger Danzelman,mystery,1/26/2019,10.88
Rev,Bell Zanazzi,romance,5/29/2010,42.84
Rev,Umberto Berkeley,romance,5/1/2020,25.63
Dr,Rhodie Bielefeld,non-fiction,8/17/2018,30.57
Ms,Natalya Ragborne,sci-fi,2/7/2008,36.18
Dr,Malynda Adamski,fiction,3/22/2017,46.45
Honorable,Darice Bromehed,non-fiction,11/8/2014,22.75
Rev,Kelsi Deval,sci-fi,9/25/2007,24.85
Honorable,Hedi Croy,non-fiction,7/3/2017,41.71
Dr,Teresina Fuller,romance,12/25/2019,32.05
Honorable,Lockwood Dovidian,romance,10/29/2021,47.87
Honorable,Eddie Rhucroft,mystery,11/20/2005,31.02
Dr,Gwenni Draper,fiction,2/14/2013,41.54
Mrs,Pavla Collinge,romance,7/17/2021,24.81
Dr,Berty Sawers,mystery,1/25/2012,43.05
Honorable,Franklyn Hewkin,mystery,5/6/2010,33.5
Mrs,Pru Batchellor,romance,8/21/2021,45.21
Mrs,Tiphany Creaven,non-fiction,12/24/2006,31.81
Mrs,Amelie Anthona,non-fiction,9/28/2012,19.69
Rev,Arliene Spensly,sci-fi,4/16/2002,37.43
Rev,Petronella Mearing,romance,1/21/2018,30.91
Ms,Ginnie Kershaw,fiction,9/8/2018,25.85
Honorable,Myrtice Bielefeld,romance,6/20/2002,35.68
Ms,Adolpho Askew,fiction,6/12/2012,15.91
Ms,Ellsworth Blaasch,mystery,9/4/2005,40.53
Ms,Leigh Lovel,non-fiction,4/3/2021,15.53
Honorable,Carlyn Boykett,non-fiction,9/21/2006,16.8
Honorable,Harmon Edmons,sci-fi,9/22/2022,26.36
Ms,Rickert Atmore,fiction,9/16/2020,31.75
Ms,Shell Enderby,non-fiction,4/26/2005,31.41
Mrs,Lynn Gollop,romance,6/20/2004,31.18
Mr,Gaspard Grewar,romance,11/9/2007,29.2
Mrs,Eadmund Castanaga,non-fiction,4/19/2008,22.95
Rev,Johnette Stegel,fiction,9/17/2017,15.24
Mr,Carlita Rafe,mystery,1/26/2003,36.36
Mrs,Gael Biasio,fiction,5/30/2017,25.19
Honorable,Cleopatra Maggs,sci-fi,6/18/2009,14.17
Mrs,Gar Shynn,fiction,6/11/2010,48.04
Ms,Tadeo Dipple,non-fiction,12/26/2013,25.42
Mrs,Adiana VanBrugh,mystery,2/13/2011,30.46
Honorable,Ogdan Jizhaki,non-fiction,10/15/2014,19.63
Mr,Jeno Nannoni,mystery,8/27/2008,15.67
Rev,Jessamyn Coppins,mystery,10/11/2000,10.69
Honorable,Melly Macewan,sci-fi,12/1/2008,14.18
Rev,Veronique Dickons,mystery,1/19/2016,10.71
Mr,Chloe Mellmoth,romance,9/13/2007,18.26
Rev,Mia Spiers,fiction,3/11/2010,5.61
Mr,Kerry Royce,sci-fi,12/29/2003,7.26
Ms,Timmy Duhig,fiction,8/12/2017,35.91
Dr,Sheilakathryn Newby,fiction,1/16/2014,21.37
Ms,Alvera Doody,non-fiction,7/13/2022,11.46
Dr,Purcell Mewha,fiction,6/16/2015,32.36
Rev,Farrell MacAvaddy,mystery,3/15/2007,21.42
Ms,Patti Pochin,fiction,6/28/2002,8.73
Rev,Garrett Choat,romance,4/15/2019,34.9
Honorable,Gaven Raithby,non-fiction,7/18/2012,29.49
Ms,Allyson Kleinerman,fiction,9/30/2009,44.3
Ms,Lilllie Pressnell,mystery,3/25/2017,13.65
Honorable,Ibbie Eagles,mystery,6/23/2009,38.07
Mrs,Scarface Dabels,mystery,1/22/2020,28.55
Mrs,Kitty Kubek,mystery,11/22/2010,8.1
Rev,Genny Tennock,fiction,4/27/2022,28.11
Dr,Georgette Skey,romance,1/16/2002,45.94
Mrs,Pippo Sturley,mystery,6/14/2008,29.24
Dr,Janela Nisco,non-fiction,4/27/2003,13.31
Dr,Niels Gillino,romance,11/15/2017,44.9
Dr,Bronny Tyhurst,romance,10/31/2022,49.72
Ms,Nance Ganniclifft,non-fiction,8/15/2021,23.05
Mr,Nancey Francois,mystery,3/30/2010,42.89
Mr,Sherilyn Schrir,fiction,7/5/2020,49.75
Rev,Darrin Scarlon,fiction,4/30/2000,17.03
Rev,Katherine Beernaert,romance,4/12/2019,8.27
Honorable,Royce Casillis,non-fiction,11/24/2001,6.23
Honorable,Orlando De Santos,romance,4/20/2012,13.71
Rev,Baxter Mattusov,romance,6/13/2011,40.49
Mr,Abbe Farge,fiction,7/30/2021,11.02
Rev,Glenn Lambkin,sci-fi,10/2/2005,35.09
Ms,Guillemette Royal,mystery,1/16/2012,32.09
Honorable,Edna Armit,non-fiction,1/11/2009,12.22
Honorable,Leonardo Gentil,romance,8/19/2002,7.21
Mrs,Norma Kurton,sci-fi,5/7/2015,5.0
Mrs,Torry Feben,romance,11/7/2008,13.38
Honorable,Guenna Finkle,sci-fi,7/20/2002,24.03
Honorable,Alexis Gannaway,fiction,8/17/2001,24.77
Mrs,Annamaria Marrill,romance,11/11/2006,38.51
Mr,Eryn Addicote,non-fiction,7/18/2020,5.57
Honorable,Palmer Whitmarsh,romance,12/30/2018,49.52
Dr,Guenevere Castaneda,mystery,11/12/2022,6.71
Mr,Jackquelin Ivory,mystery,4/28/2016,31.23
Honorable,Syd Cackett,mystery,12/4/2011,35.31
Honorable,Siusan Bremond,fiction,2/1/2018,27.46
Dr,Bertina Tapin,romance,5/13/2017,11.75
Mrs,Val Hultberg,fiction,8/29/2013,6.24
Mr,Karolina Roony,non-fiction,8/14/2009,19.34
Mrs,Donny Sidon,mystery,12/8/2013,46.11
Ms,Annora Avarne,sci-fi,7/15/2016,30.88
Dr,Timoteo Behrens,mystery,8/13/2006,20.34
Mr,Harriett Eggins,fiction,7/7/2020,49.68
Ms,Val Norquay,sci-fi,10/3/2010,15.8
Mrs,Gerek Keenleyside,romance,4/19/2010,10.32
Mr,Alair MacAlpine,fiction,6/14/2012,46.3
Mrs,Maynard Treece,fiction,6/22/2018,13.49
Honorable,Rosy Simenel,sci-fi,1/13/2014,29.79
Dr,Arlene Brent,non-fiction,8/27/2012,36.41
Mrs,Lucita Rivenzon,fiction,3/19/2015,32.55
Mr,Noby Arnow,mystery,9/8/2006,5.03
Honorable,Dulcine Polkinhorn,romance,7/1/2002,45.54
Mrs,Frasier Venners,sci-fi,9/29/2003,39.69
Rev,Kellen Kendell,non-fiction,4/4/2019,31.59
Mr,Claudian Rylands,non-fiction,4/17/2000,44.55
Dr,Patin Blakeney,mystery,2/6/2008,46.32
Dr,Tiebold Cobbing,fiction,4/5/2020,49.96
Ms,Vonny Brumfield,sci-fi,10/26/2016,31.9
Dr,Milka Arne,non-fiction,1/8/2005,22.05
Rev,Barnebas Gayler,fiction,7/14/2018,26.01
Dr,Waverly Basindale,fiction,6/25/2005,46.26
Dr,Fritz Siaspinski,romance,4/12/2004,22.04
Dr,Kelsey Hatherley,fiction,8/7/2021,43.77
Ms,Deb Liffe,romance,8/9/2013,45.36
Dr,Thibaud Spybey,non-fiction,8/12/2009,42.86
Dr,Krystyna Hulmes,romance,5/15/2016,29.12
Mrs,Maggie Duckering,non-fiction,9/10/2014,37.38
Mrs,Glendon Bolland,fiction,9/28/2004,22.1
Dr,Tally Renton,sci-fi,1/27/2019,21.23
Mrs,Jinny McCourtie,sci-fi,12/10/2016,46.18
Ms,Goldina Hernik,fiction,3/11/2009,31.42
Rev,Loralyn Hurles,sci-fi,10/3/2017,29.87
Mrs,Andre Halling,sci-fi,9/4/2009,35.32
Mrs,Henrietta Cozzi,fiction,12/13/2014,40.38
Mrs,Muffin Filshin,sci-fi,8/29/2019,42.88
Ms,Tore Fidge,non-fiction,7/15/2022,18.58
Mr,Iggy Sillett,fiction,5/18/2020,39.97
Mr,Francois Vella,mystery,6/21/2018,30.32
Ms,Malachi Titterell,mystery,3/21/2021,30.01
Mrs,Reginauld Woolrich,sci-fi,10/20/2009,49.25
Ms,Averil Romans,non-fiction,11/7/2012,42.89
Mr,Tillie Lackmann,romance,11/20/2006,42.08
Mrs,Jamaal Winterton,fiction,4/7/2021,23.39
Dr,Jonathon MacRury,sci-fi,8/10/2013,49.7
Mr,Donal Yakunkin,non-fiction,12/3/2001,45.31
Honorable,Wilbur Stroyan,romance,7/26/2017,48.69
Mrs,Tersina Amesbury,sci-fi,10/22/2014,10.09
Dr,Malcolm Milton-White,fiction,5/2/2005,10.66
Honorable,Sidonnie Cowup,mystery,6/12/2021,14.98
Rev,Marcos Beavis,fiction,2/8/2011,11.43
Ms,Cecilio Griffey,mystery,9/5/2005,29.36
Dr,Eudora Corsan,fiction,3/7/2002,29.78
Mr,Sholom Treasaden,sci-fi,4/7/2011,38.7
Mrs,Loni Fluin,non-fiction,9/25/2003,14.64
Mr,Madlen Immins,mystery,1/18/2018,17.24
Mrs,Shauna Pennrington,non-fiction,2/3/2000,14.5
Rev,Mellicent Tranckle,sci-fi,6/12/2009,8.45
Ms,Uta Summerbell,mystery,7/12/2019,37.07
Dr,Lucia Charrington,fiction,11/3/2012,12.48
Rev,Joye Warfield,non-fiction,5/13/2000,34.8
Dr,Sharon Kesterton,fiction,6/4/2006,26.09
Rev,Henri Bande,mystery,1/10/2004,44.8
Mrs,Sabrina Beardow,sci-fi,7/31/2013,47.45
Dr,Alexio Elfitt,mystery,6/6/2015,20.0
Honorable,Adolphe Cordeiro,romance,12/18/2015,31.26
Rev,Caprice Pybus,mystery,6/8/2015,9.83
Ms,Caralie Bauduccio,non-fiction,2/23/2015,10.54
Ms,Mindy Isson,fiction,1/8/2001,30.33
Mrs,Forbes Lempke,non-fiction,1/14/2020,21.53
Dr,Francois Bellee,fiction,8/22/2022,42.4
Rev,Drucy Rolse,non-fiction,6/25/2017,31.22
Rev,Cassandry Farady,non-fiction,5/21/2004,14.65
Ms,Niles Abrahamsen,non-fiction,7/10/2018,43.73
Mrs,Jaime Podd,mystery,2/11/2016,45.09
Dr,Gavra Jentges,mystery,7/29/2008,48.76
Mr,Ilyse Beazleigh,mystery,8/2/2015,34.62
Honorable,Lulu Opy,sci-fi,9/12/2008,28.14
Rev,Schuyler Symms,sci-fi,10/30/2007,47.55
Honorable,Gard Alker,romance,8/13/2002,43.31
Mrs,Conny Garm,sci-fi,1/23/2002,8.25
Mrs,Ninon Dighton,non-fiction,7/26/2016,34.86
Honorable,Sisile Brenston,fiction,11/8/2015,23.25
Ms,Cointon Merill,non-fiction,10/16/2018,15.23
Mrs,Dudley Sloy,romance,9/24/2012,8.25
Dr,Emlyn de Merida,non-fiction,1/5/2011,34.64
Rev,Herc Canto,sci-fi,9/13/2004,15.31
Ms,Alyce Corkan,sci-fi,10/27/2006,35.82
Dr,Xena Towlson,mystery,10/26/2016,24.1
Mr,Ilario Hatfield,sci-fi,2/7/2003,17.35
Mr,Ulysses Wiltshear,sci-fi,2/20/2004,48.66
Honorable,Christalle Bullan,fiction,11/23/2007,35.67
Ms,Shelly Gledstane,non-fiction,6/24/2011,26.81
Mrs,Almire McCrae,fiction,5/30/2019,46.6
Ms,Anjanette Snarie,sci-fi,5/2/2007,48.16
Honorable,Josephina Grahamslaw,non-fiction,12/22/2022,17.81
Honorable,Ashli Axtens,fiction,10/5/2017,34.69
Rev,Tess Cammack,mystery,10/4/2001,30.12
Mrs,Delila Troyes,romance,4/26/2021,30.11
Honorable,Allx Binton,non-fiction,1/15/2003,26.66
Dr,Marcia O'Keevan,non-fiction,7/2/2001,9.86
Mr,Tristan Jankin,mystery,12/11/2000,7.07
Mrs,Hertha Belderson,fiction,11/21/2015,29.95
Honorable,Gareth Shurrock,non-fiction,9/9/2005,43.35
Ms,Clareta Figge,romance,8/16/2012,15.1
Mrs,Elora Gaze,mystery,8/9/2006,10.36
Honorable,Ninnetta Jellett,fiction,1/17/2004,42.78
Dr,Elias Gatchell,mystery,4/3/2014,46.03
Honorable,Earvin Dallyn,fiction,6/9/2005,33.35
Mr,Stefanie Hould,romance,6/27/2009,16.18
Mr,Derward Farguhar,sci-fi,5/1/2022,6.1
Ms,Cordy Galland,mystery,7/10/2001,19.24
Rev,Jennifer Croasdale,non-fiction,7/30/2019,34.23
Honorable,Cassandre Scutt,non-fiction,10/23/2006,9.89
Honorable,Chance Marcq,sci-fi,12/31/2020,5.41
Rev,Dudley Hritzko,sci-fi,12/5/2007,16.48
Dr,Beatrice Ashleigh,fiction,8/2/2014,42.52
Mr,Antin Rekes,mystery,4/6/2004,42.59
Ms,Maxy Traviss,mystery,6/1/2010,30.41
Rev,Johanna Kiddie,romance,2/23/2006,35.95
Honorable,Vergil Mardell,mystery,4/2/2022,31.7
Ms,Mile McClymont,mystery,5/1/2002,37.78
Mrs,Jane Gore,sci-fi,1/20/2004,48.35
Honorable,Oralie MacKenny,non-fiction,2/17/2022,36.88
Rev,Krisha Goreisr,romance,7/9/2016,36.42
Honorable,Claiborn Slemmonds,romance,11/29/2010,28.02
Rev,Bernadene Brewer,sci-fi,3/27/2016,40.38
Honorable,Jamesy Bernocchi,mystery,9/15/2020,18.7
Rev,Yalonda Bailess,fiction,12/16/2019,22.0
Honorable,Janene Grimwood,sci-fi,11/8/2009,26.68
Dr,Gilligan Porrett,non-fiction,9/21/2018,31.23
Ms,Artur Furneaux,romance,10/31/2018,26.14
Ms,Baxie Rebbeck,romance,10/7/2005,17.9
Rev,Lizzy Newvill,sci-fi,3/18/2006,5.7
Dr,Ignacio Joly,fiction,11/2/2017,19.12
Rev,Vanna Pexton,non-fiction,11/2/2018,25.75
Rev,Vern Brumhead,sci-fi,9/15/2011,16.54
Mr,Willa Crosfeld,romance,6/22/2019,12.5
Mrs,Julieta Broxton,sci-fi,2/4/2021,35.07
Honorable,Neely Olensby,non-fiction,5/14/2020,33.14
Rev,Benny Maskrey,mystery,3/7/2000,21.76
Dr,Ansell Dance,fiction,4/8/2011,44.92
Ms,Ronny Barry,non-fiction,1/7/2010,46.74
Ms,Maddy Tegler,fiction,12/15/2020,44.48
Mr,Lutero Alwood,romance,6/27/2012,22.41
Ms,Marne Kleinhausen,non-fiction,7/10/2008,20.79
Mrs,Mahala Plampeyn,fiction,5/26/2016,37.08
Rev,Phyllis Ferens,sci-fi,9/24/2018,29.57
Ms,Keeley Larciere,sci-fi,8/8/2000,28.75
Honorable,Luella Colwell,non-fiction,10/18/2011,11.31
Dr,Kayle Andrews,fiction,7/6/2019,13.07
Dr,Grace Couchman,sci-fi,11/18/2011,14.99
Mr,Shari Bruinsma,fiction,6/28/2005,32.0
Ms,Bobbi Phillips,mystery,3/18/2000,23.16
Ms,Lexis Deighan,sci-fi,2/13/2009,29.73
Rev,Damita Iannuzzi,mystery,4/24/2005,18.76
Dr,Willy Stearne,sci-fi,4/13/2004,48.1
Honorable,Margot Toulson,non-fiction,3/7/2008,6.46
Ms,Otto Sandy,sci-fi,8/5/2000,16.62
Dr,Mariya Fleetham,fiction,5/6/2000,39.87
Dr,Helene Hatherall,fiction,12/15/2016,39.5
Dr,Jenifer Osgardby,non-fiction,6/8/2020,18.53
Mrs,Wald De Zamudio,fiction,8/7/2013,6.32
Dr,Valera Hamper,romance,4/19/2013,47.09
Dr,Udale Van Giffen,sci-fi,10/3/2020,46.25
Honorable,Lou Leither,non-fiction,12/26/2017,42.41
Honorable,Christiana Morgon,non-fiction,2/25/2018,7.09
Mr,Abdel Houseman,romance,5/1/2016,44.95
Ms,Timmy Rosberg,sci-fi,10/19/2011,34.78
Honorable,Rania Redparth,sci-fi,3/15/2000,23.1
Dr,Pembroke Parcells,romance,1/9/2013,35.8
Dr,Cash McPeck,mystery,2/29/2000,47.1
Honorable,Vernice Monaghan,non-fiction,4/20/2015,6.84
Mr,Paton McCorley,mystery,2/25/2003,24.22
Mr,Micheline Duncklee,sci-fi,1/2/2015,35.68
Honorable,Catlin McGeneay,sci-fi,8/21/2009,6.21
Mr,Trey Scaysbrook,mystery,4/23/2000,36.28
Rev,Wang Grivori,romance,12/12/2019,24.98
Mr,Ty Theobold,non-fiction,4/20/2006,43.2
Rev,Willard Heathfield,fiction,1/4/2020,18.69
Dr,Lexie Dionsetti,sci-fi,2/24/2016,30.03
Ms,Floris Sex,sci-fi,5/25/2008,23.34
Dr,Eula Tully,mystery,1/17/2010,39.17
Dr,Silvain Wasson,romance,1/25/2014,40.42
Rev,Sophi Atwater,sci-fi,9/23/2000,38.77
Dr,Adriaens Syme,non-fiction,12/17/2018,27.13
Mr,Cindi Marquot,fiction,3/6/2022,21.76
Ms,Camille Knutton,romance,7/25/2008,44.05
Rev,Zebedee La Vigne,romance,1/14/2009,31.83
Ms,Cullie Toulson,romance,12/31/2002,38.05
Ms,Pryce Storrier,romance,1/10/2013,7.03
Ms,Les Bangham,fiction,8/26/2012,49.1
Honorable,Juline Spinetti,fiction,2/28/2015,48.92
Dr,Gabey Kupke,sci-fi,6/9/2006,38.59
Rev,Costa Schlagh,romance,6/19/2016,42.86
Honorable,Andreana Younghusband,fiction,2/1/2003,9.32
Mr,Gusty Southwick,fiction,9/27/2013,44.83
Rev,Lenna Deegan,mystery,1/10/2009,46.1
Ms,Mallorie Munt,sci-fi,1/5/2017,13.66
Ms,Clarabelle Rentz,sci-fi,5/22/2022,32.49
Rev,Meier Thurlow,romance,12/12/2001,20.86
Dr,Newton Neville,mystery,3/4/2003,39.89
Mrs,Avivah Queree,non-fiction,8/8/2012,21.84
Honorable,Louis Mayall,mystery,10/31/2009,28.05
Honorable,Rosalynd Groneway,fiction,1/22/2018,47.45
Honorable,Siouxie Fellona,mystery,10/26/2006,37.76
Mr,Quent Moseby,non-fiction,3/31/2007,27.86
Rev,Reese Manjot,romance,2/27/2002,44.21
Dr,Selia Oldis,fiction,12/3/2002,33.5
Dr,Ivory Ferro,mystery,2/24/2007,27.33
Mr,Vonny Dawdry,non-fiction,4/9/2002,34.13
Mr,Charis Sagg,mystery,2/9/2001,45.46
Rev,Glenn Skahill,fiction,12/10/2016,28.57
Mr,Fredrick Marle,sci-fi,3/22/2009,16.92
Mr,Elysia Crother,mystery,12/19/2010,36.73
Honorable,Leila Twidell,fiction,1/6/2004,17.75
Mrs,Sybila Normaville,fiction,3/5/2008,26.68
Honorable,Melissa Fink,romance,4/12/2003,14.08
Mr,Charisse Davage,romance,3/10/2000,30.02
Ms,Aili Hawick,mystery,10/22/2007,18.78
Dr,Ruprecht Lightbody,fiction,6/20/2000,11.47
Dr,Hannah Breeder,romance,7/26/2004,14.42
Rev,Darbee Carman,romance,7/27/2010,28.77
Rev,Kelila Dimbylow,mystery,5/8/2022,5.16
Dr,Carina Wringe,romance,4/17/2009,29.75
Mr,Myrta Bischof,romance,6/13/2001,44.91
Rev,Sonya Lawranson,non-fiction,4/3/2009,15.41
Ms,Derby Geely,mystery,7/28/2001,10.05
Rev,Irwinn Scatchar,mystery,10/16/2017,26.24
Ms,Rufus Benedite,non-fiction,6/19/2002,8.27
Mr,Conway Tyrer,romance,10/11/2012,8.57
Dr,Yul Adolfsen,non-fiction,11/5/2002,26.44
Ms,Harrison Peete,fiction,11/28/2010,38.17
Dr,Yetta Wilbraham,romance,6/28/2003,21.95
Mr,Kristoffer Stansell,fiction,7/6/2020,45.16
Mrs,Jaime Mackiewicz,fiction,10/28/2020,39.54
Rev,Charlotte Moulden,non-fiction,4/26/2019,28.44
Dr,Brandise Hamley,romance,8/29/2003,20.61
Mrs,Kane Longthorne,sci-fi,10/22/2019,48.2
Mr,Cele Wilding,romance,9/9/2022,38.99
Mrs,Constancy Pardon,mystery,4/30/2016,27.69
Dr,Kerry Faustin,sci-fi,9/18/2007,6.96
Ms,Buddie Steventon,sci-fi,8/30/2016,44.74
Mrs,Jessi Heber,romance,8/8/2018,25.27
Mrs,Grantley Antoszczyk,non-fiction,1/10/2018,28.76
Dr,Lissie Braikenridge,mystery,6/15/2013,41.92
Honorable,Carroll Leadley,mystery,9/4/2022,10.28
Mrs,Broderick Hansod,sci-fi,9/5/2008,33.22
Rev,Bartolomeo Shrawley,romance,11/7/2022,38.41
Honorable,Nollie Kissell,fiction,3/10/2003,25.79
Rev,Kimberly Starie,sci-fi,1/8/2009,10.62
Mrs,Jake Gillmor,sci-fi,8/24/2006,13.14
Dr,Gianina Sumshon,sci-fi,2/16/2015,42.2
Mrs,Jammal Etuck,mystery,1/9/2015,14.16
Rev,Rossie Sails,fiction,11/14/2006,32.36
Ms,Patton Piens,mystery,8/15/2004,48.32
Honorable,Norine Khan,sci-fi,3/16/2010,48.1
Ms,Gene Goade,romance,8/5/2004,47.0
Ms,Wheeler Boulsher,mystery,2/24/2001,28.34
Ms,Farleigh Oneill,non-fiction,5/6/2022,8.17
Ms,Audrie Asquez,sci-fi,2/10/2009,17.69
Dr,Torey Balfre,non-fiction,12/6/2022,21.69
Rev,Mellie Sails,mystery,3/27/2013,27.06
Rev,Jasen Teenan,mystery,1/28/2020,29.4
Rev,Cristen Eagleston,non-fiction,1/5/2017,38.37
Rev,Joly Deards,non-fiction,6/11/2019,45.63
Honorable,Abeu Ilem,non-fiction,4/12/2001,43.65
Dr,Maryellen Larrat,mystery,11/5/2000,13.52
Rev,Jessee Swynfen,mystery,4/7/2002,23.88
Ms,Cary Lauritzen,fiction,11/5/2010,34.29
Ms,Egor Hazeup,non-fiction,4/6/2018,44.37
Mr,Jojo Gaucher,fiction,7/18/2003,43.35
Mr,Felipa Garter,non-fiction,7/27/2017,11.91
Ms,Lianne Calken,mystery,1/31/2008,16.66
Dr,Jourdain Euler,fiction,12/31/2017,46.19
Mr,Zebedee Davidai,fiction,3/9/2017,32.24
Dr,Martie MacGiolla Pheadair,romance,7/21/2015,36.77
Rev,Michele Sambeck,non-fiction,3/18/2000,13.27
Rev,Dianemarie Kevane,mystery,3/22/2015,32.34
Mr,Del Lefever,mystery,5/27/2012,29.46
Mr,Kellyann Gilstoun,non-fiction,8/19/2008,27.48
Dr,Orion Sibyllina,fiction,11/21/2005,25.85
Mr,Genevieve Twinterman,romance,7/24/2006,17.28
Rev,Ciel Widocks,sci-fi,5/14/2006,40.16
Honorable,Winni McCloy,mystery,5/17/2018,32.66
Honorable,Tris Rumgay,mystery,10/2/2000,47.04
Dr,Herb Ogglebie,sci-fi,11/21/2001,20.51
Mr,Jorey Keat,non-fiction,10/12/2020,14.62
Honorable,Lauryn Spoerl,fiction,4/7/2014,13.96
Ms,Siward Ripon,sci-fi,2/15/2001,35.99
Ms,Maynard Mountain,romance,7/3/2022,31.28
Dr,Chrissie Casham,non-fiction,7/31/2009,41.21
Dr,Coleen Venny,mystery,6/4/2010,20.96
Mrs,Olenka Allberry,non-fiction,11/15/2008,16.79
Ms,Filippa McCoish,sci-fi,10/18/2016,24.2
Honorable,Etta Grubey,mystery,3/21/2002,13.51
Rev,Janifer Kersaw,mystery,2/1/2011,38.08
Mr,Bealle Martinson,non-fiction,10/18/2002,20.4
Dr,Amandi Saddleton,non-fiction,8/8/2007,24.24
Ms,Janie Brithman,non-fiction,1/25/2002,24.22
Dr,Kurt Winspurr,romance,3/22/2007,6.59
Honorable,Elberta Chaytor,romance,11/4/2000,37.15
Honorable,Burke Levene,non-fiction,6/18/2012,36.69
Mrs,Hayden Kilfedder,sci-fi,4/29/2010,32.63
Mr,Esmeralda Codman,mystery,6/18/2011,21.02
Honorable,Ezri Burlingame,romance,7/22/2016,36.7
Rev,Durante Treverton,romance,9/5/2007,10.02
Mrs,Peggi Lorrie,fiction,1/12/2015,34.92
Rev,Ash Miroy,fiction,5/17/2006,42.77
Honorable,Fredelia Herculson,sci-fi,12/20/2011,49.73
Ms,Alfons Badsworth,non-fiction,12/21/2018,34.53
Mr,Shaina Shilton,mystery,6/10/2011,5.25
Honorable,Felike Golding,sci-fi,1/18/2017,36.5
Mrs,Kristan Kinnoch,mystery,8/31/2014,19.64
Mr,Neala Blaase,mystery,9/3/2022,20.62
Dr,Darlleen Foley,non-fiction,11/1/2003,34.5
Rev,Susie Mealham,sci-fi,8/23/2007,21.92
Mr,Hercule Raybould,sci-fi,12/12/2000,12.65
Rev,Trent Bruckent,sci-fi,12/26/2018,14.21
Rev,Sumner Vitet,romance,10/29/2009,20.12
Honorable,Jesselyn Durtnall,non-fiction,10/15/2019,32.55
Dr,Kary Townshend,fiction,11/1/2011,29.8
Rev,Antonietta Corkill,non-fiction,11/20/2021,29.39
Mr,Hewett Lougheed,romance,9/5/2019,29.36
Dr,Babb Brocks,mystery,4/9/2019,38.9
Ms,Alessandra Fardy,romance,1/23/2009,22.35
Ms,Charmine Luparto,romance,12/1/2012,8.15
Mr,Reginald Disman,sci-fi,3/9/2020,20.86
Honorable,Bren Waskett,romance,9/4/2014,10.16
Ms,Brittani Twyford,mystery,2/2/2020,32.51
Ms,Jaymie Lathey,non-fiction,3/9/2008,44.66
Mr,Berne Jumeau,sci-fi,2/22/2003,46.48
Ms,Jeannie Phelip,fiction,6/17/2007,46.38
Ms,Michaela Muzzini,fiction,2/5/2014,38.7
Rev,Hetti Ricoald,romance,8/22/2021,45.9
Ms,Tawnya Greenroyd,fiction,6/13/2022,6.28
Honorable,Darelle Georges,fiction,11/18/2002,44.35
Ms,Marysa Singyard,mystery,11/27/2016,44.59
Rev,Gilbertina Fruchon,romance,10/5/2016,43.16
Mrs,Rodger Camfield,non-fiction,7/1/2018,44.12
Honorable,Caressa Mahon,romance,2/5/2018,36.33
Rev,Genny Goggen,fiction,9/9/2010,29.04
Mr,Jaynell Lewendon,mystery,2/22/2003,20.78
Dr,Ronalda Wardell,mystery,5/11/2021,20.46
Honorable,Candra Crabbe,non-fiction,5/29/2022,14.09
Ms,Oliver Pruce,fiction,6/16/2001,29.17
Dr,Therine Mattys,sci-fi,3/6/2020,19.6
Ms,Dixie Pedrick,mystery,8/23/2022,33.61
Ms,Sela Shearsby,mystery,1/27/2007,5.96
Dr,Ruggiero Pordal,fiction,5/19/2011,38.21
Dr,Iver Cromarty,non-fiction,1/9/2020,41.27
Dr,Oriana Weekes,mystery,10/21/2012,42.98
Mrs,Phillis Lankham,romance,1/28/2015,27.04
Mr,Georgina Rugiero,mystery,5/7/2018,43.45
Mr,Devonna Lockart,mystery,8/10/2012,10.51
Ms,Quillan Cattonnet,fiction,4/18/2012,9.11
Mrs,Corrie Yakovl,fiction,10/12/2020,14.99
Rev,Roana Fry,non-fiction,11/24/2007,17.92
Rev,Lew Robus,fiction,5/24/2015,32.4
Mr,Sapphira Holwell,fiction,2/19/2022,20.54
Ms,Roldan Di Meo,romance,8/6/2010,25.49
Mrs,Hannis Couttes,sci-fi,7/5/2010,41.83
Rev,Skipton Gillibrand,mystery,3/25/2010,17.36
Mrs,Pamelina Bendel,romance,12/21/2014,21.17
Mrs,Britt Basketter,fiction,8/5/2022,20.48
Mrs,Bartholemy Bosden,mystery,7/22/2016,5.64
Mrs,Norton Allix,sci-fi,7/2/2007,14.19
Mr,Ariella Stannis,fiction,10/18/2000,37.5
Dr,Juliette Meekin,fiction,6/6/2004,15.13
Dr,Bunny Yesinov,mystery,4/18/2014,39.98
Mr,Lowrance Lambird,romance,7/7/2006,12.44
Rev,Hadria Klebes,fiction,1/27/2020,42.66
Rev,Gates Toffel,romance,2/6/2002,8.52
Rev,Graham Inggall,sci-fi,9/9/2006,20.1
Rev,Sondra Nelmes,mystery,7/11/2020,42.04
Mr,Addie Ianittello,romance,5/12/2005,9.96
Mr,Alida Coldwell,sci-fi,7/4/2014,5.93
Dr,Jermaine Ferreres,fiction,10/31/2018,42.08
Dr,Alvie Di Claudio,non-fiction,10/9/2022,14.62
Mrs,Bella Nettle,sci-fi,11/1/2021,25.83
Ms,Baxter Dowrey,romance,9/2/2005,25.53
Honorable,Rory Muffen,mystery,9/16/2001,6.21
Mrs,Ada Bram,non-fiction,9/6/2013,39.06
Honorable,Harris Whittlesea,non-fiction,3/6/2007,10.44
Honorable,Ashli Haquin,non-fiction,4/2/2011,9.47
Ms,Arney Pengilley,mystery,9/1/2013,19.42
Ms,Beverlee Garrettson,mystery,1/7/2016,7.72
Honorable,Hasheem Gamage,non-fiction,10/9/2020,33.65
Mrs,Gilli Whyborne,mystery,4/3/2001,42.14
Ms,Latisha Mugglestone,romance,10/6/2011,46.03
Mr,Mitch Vasser,fiction,5/27/2002,5.3
Honorable,Elwyn Siward,non-fiction,12/12/2017,45.23
Rev,Papageno Walding,sci-fi,10/28/2018,17.0
Mr,Murdoch Gallaher,sci-fi,3/16/2018,35.7
Honorable,Arabelle Lob,non-fiction,5/9/2013,20.53
Mr,Bondon Harcase,mystery,8/26/2006,34.07
Rev,Lance Willingale,mystery,7/8/2006,41.97
Ms,Winifield Reisin,fiction,8/26/2019,48.97
Ms,Vincents Apfler,mystery,4/21/2001,24.48
Dr,Keen Springthorp,mystery,12/5/2017,29.78
Dr,Eliza Lanfer,fiction,11/26/2014,33.32
Ms,Brianne Acres,sci-fi,6/3/2021,25.14
Mrs,Eleen Daughtrey,fiction,6/6/2011,47.08
Honorable,Trey Alyokhin,fiction,11/28/2021,22.04
Rev,Zita Baudts,romance,4/15/2015,43.5
Mr,Enid Cressor,romance,10/15/2015,39.85
Rev,Obediah Gorini,romance,2/11/2008,48.39
Dr,Mendel Tinan,sci-fi,4/18/2009,49.33
Dr,Debi Coop,sci-fi,7/31/2005,33.61
Honorable,Joann Andreoletti,sci-fi,6/29/2013,40.98
Honorable,Breena Grzegorzewicz,romance,5/10/2010,7.05
Mr,Noe Siberry,fiction,6/30/2016,18.4
Dr,Paolo Amery,romance,2/23/2012,31.6
Honorable,Kalinda Dowell,sci-fi,12/2/2007,38.41
Mrs,Aksel Guilliatt,romance,10/15/2015,36.54
Dr,Hallsy Ingliss,non-fiction,10/31/2019,30.04
Mr,Martelle Jedrychowski,fiction,11/6/2007,13.09
Mrs,Constanta Pancost,fiction,3/12/2009,47.39
Rev,Vince Bergen,romance,11/6/2020,35.95
Ms,Meara Cuddehy,non-fiction,9/9/2018,37.9
Mr,Meridel Leipoldt,non-fiction,2/24/2008,30.54
Dr,Mordecai Godwin,sci-fi,2/16/2019,47.77
Mrs,Upton Stebbings,non-fiction,7/25/2016,23.49
Dr,Leonerd Clothier,fiction,7/3/2017,28.27
Dr,Zared Hassen,fiction,11/11/2001,47.06
Ms,Gerty Pagel,non-fiction,9/16/2016,48.83
Dr,Christopher Dack,mystery,6/27/2013,47.46
Honorable,Dino Andrzejak,mystery,5/11/2019,5.45
Honorable,Jada Barde,sci-fi,4/29/2001,28.72
Dr,Nert Blackledge,fiction,9/21/2009,8.13
Dr,Giacomo Neumann,mystery,1/20/2008,18.09
Rev,Ogdan Chinnock,mystery,11/24/2011,35.67
Rev,Pernell Petrashkov,non-fiction,8/22/2013,42.76
Mr,Clarence Rides,mystery,10/18/2017,30.25
Mrs,Kamilah Ashmole,fiction,2/22/2000,31.97
Mrs,Aylmer Elvidge,mystery,6/10/2008,29.57
Mr,Trudey Denkin,sci-fi,3/25/2012,34.24
Mrs,Barri Comsty,sci-fi,9/8/2011,38.55
Ms,Van Klug,romance,9/8/2012,33.74
Ms,Vanda Grieves,fiction,9/14/2014,43.9
Honorable,Wayland Snailham,fiction,8/21/2022,9.47
Mr,Giorgia Sunnex,mystery,7/19/2002,35.01
Honorable,Bethany Suthworth,fiction,1/10/2016,44.99
Mr,Dorene Shorey,romance,6/14/2016,33.87
Mrs,Bevin Welbrock,mystery,6/30/2007,42.85
Honorable,Vinnie Cristoforetti,mystery,2/28/2004,24.47
Mrs,Marmaduke Mitham,sci-fi,6/19/2003,39.87
Mr,Koenraad Lankford,fiction,5/12/2010,25.89
Ms,Eddi Rowen,sci-fi,8/9/2005,16.27
Mrs,Sterne Chaperling,sci-fi,5/13/2008,40.52
Mr,Adamo Lipman,romance,10/6/2011,23.35
Dr,Nathanial Kerr,non-fiction,5/6/2020,46.23
Honorable,Ekaterina Waugh,mystery,10/1/2005,12.73
Dr,Ban Commin,fiction,12/24/2014,19.56
Rev,Gilli Scading,fiction,8/6/2020,24.99
Mrs,Gipsy Deluca,sci-fi,1/6/2016,24.31
Dr,Noland Whittington,mystery,12/28/2017,19.68
Rev,Ginni Pee,mystery,7/22/2000,49.72
Mrs,Magdalen Whitland,non-fiction,7/9/2007,43.39
Mr,Eleonore Keele,romance,7/21/2000,18.88
Mrs,Claudio Fulleylove,non-fiction,3/15/2009,25.41
Rev,Camile Pardey,non-fiction,5/13/2005,43.33
Dr,Ash Tebbutt,fiction,4/16/2011,39.76
Ms,Booth Jiles,romance,9/29/2009,26.24
Dr,Shanon Lavrick,mystery,2/10/2014,19.78
Honorable,Brant Itzcak,romance,11/22/2007,30.28
Ms,Brandea Firle,non-fiction,12/21/2022,20.19
Dr,Madeleine Woolbrook,fiction,7/30/2014,19.34
Dr,Gordy Ramsted,fiction,10/29/2002,34.69
Ms,Cari Jarrad,romance,4/22/2014,47.53
Ms,Gannon Cornu,romance,11/20/2000,20.24
Dr,Turner Whorf,romance,3/11/2004,22.71
Dr,Philipa Mutter,romance,12/30/2005,38.27
Ms,Helen-elizabeth Sevier,mystery,4/12/2012,21.22
Rev,Datha Svanetti,mystery,2/17/2006,33.01
Ms,Madonna Dalgetty,non-fiction,3/12/2010,15.27
Honorable,Pedro Renshell,non-fiction,8/1/2009,16.66
Mrs,Kristine Borsay,non-fiction,9/13/2014,40.77
Mrs,Osborne Siveyer,fiction,8/30/2006,33.03
Honorable,Giustino Venning,sci-fi,5/14/2016,31.61
Mrs,Benedicto Strand,fiction,3/22/2004,10.44
Honorable,Chris Sappson,sci-fi,4/30/2008,5.42
Rev,Brendis Bowle,mystery,12/7/2012,9.12
Mrs,Roth Barrowclough,mystery,5/29/2005,28.46
Honorable,Gil Rosario,sci-fi,7/9/2014,43.16
Rev,Carolann Bowyer,fiction,1/25/2010,48.5
Mr,Pavel Loxdale,mystery,1/11/2008,22.18
Mrs,Caron Bourgeois,fiction,11/25/2022,44.39
Ms,Sarene Ives,romance,8/11/2006,22.25
Mr,Shelley Boyfield,mystery,11/19/2010,15.88
Rev,Poppy Rymmer,sci-fi,10/13/2003,27.54
Mr,Roley Tolland,non-fiction,7/23/2002,22.63
Mr,Loreen Eckley,mystery,5/10/2002,43.97
Mrs,Carlene Maestro,romance,9/18/2006,21.56
Mrs,Darcie Stebbins,sci-fi,11/23/2001,16.77
Mrs,Averell Carling,non-fiction,3/2/2018,14.08
Mrs,Kin O'Boyle,mystery,11/20/2022,6.0
Honorable,Estell Soppeth,non-fiction,8/17/2014,39.93
Ms,Cammi Topaz,sci-fi,4/28/2003,7.54
Rev,Padriac Blakeley,non-fiction,8/10/2014,38.71
Rev,Reggie Tonbridge,non-fiction,3/10/2002,12.28
Dr,Drusie Gilder,sci-fi,9/10/2012,35.34
Rev,Bord Pattemore,sci-fi,3/2/2019,28.87
Dr,Min Wilcockes,fiction,11/13/2015,21.68
Honorable,Alan Hacquel,sci-fi,8/26/2013,28.18
Honorable,Charyl Shreenan,fiction,11/18/2013,30.97
Dr,Garnet Redparth,sci-fi,10/19/2009,20.19
Honorable,Cathrine Emer,romance,10/23/2017,13.55
Mrs,Pancho McGibbon,romance,6/20/2001,35.95
Honorable,Lissie Perkinson,romance,1/10/2016,34.81
Rev,Lorna Burnep,sci-fi,8/5/2018,11.68
Rev,Shelagh Fishpool,non-fiction,12/21/2013,37.05
Dr,Chryste Van De Cappelle,fiction,6/18/2021,30.66
Honorable,Frayda Beament,mystery,1/14/2014,7.82
Dr,Bone O'Mullally,fiction,9/13/2003,42.01
Rev,Rodolphe Selborne,non-fiction,4/25/2017,25.02
Honorable,Massimiliano Fieldstone,mystery,5/21/2012,46.35
Rev,Marion Burren,romance,2/23/2015,43.64
Honorable,Krispin Puddefoot,mystery,12/23/2014,40.48
Rev,Granger Jiranek,mystery,12/3/2010,15.49
Dr,Richardo Enocksson,fiction,10/4/2001,7.98
Mr,Heddie Puttan,fiction,10/16/2017,42.83
Ms,Michell Jados,fiction,8/9/2021,39.01
Ms,Imojean Litster,fiction,3/6/2005,36.97
Ms,Winn Rait,mystery,1/4/2020,37.49
Ms,Danyelle Eggers,mystery,6/12/2006,23.28
Mrs,Bernita Deelay,sci-fi,6/1/2002,7.39
Ms,Mauricio Deeble,fiction,8/13/2009,6.43
Honorable,Sibeal Barson,sci-fi,8/5/2021,43.08
Dr,Bowie Spoors,sci-fi,10/5/2013,20.4
Dr,Lonnard Race,romance,4/21/2007,49.78
Dr,Zebulon Ible,mystery,4/29/2004,19.92
Mr,Ilise Vaugham,sci-fi,8/23/2002,12.92
Ms,Arlyn Danilyak,fiction,5/23/2020,21.28
Rev,Danya Polini,mystery,10/12/2014,41.81
Mr,Grant Dawley,fiction,2/21/2000,35.13
Rev,Guthrey Micklewright,romance,7/14/2014,43.43
Ms,Marianna Scryne,mystery,2/21/2015,15.51
Dr,Connie Meachen,sci-fi,4/23/2001,26.07
Ms,Neale Paddison,fiction,4/19/2019,14.54
Rev,Adriana Elliott,sci-fi,2/8/2004,31.77
Dr,Farrel Lejeune,mystery,5/24/2014,45.48
Honorable,Edy Keasley,sci-fi,8/1/2018,29.85
Rev,Thorny Durman,fiction,11/24/2017,5.05
Mr,Peyter Phillpot,sci-fi,7/11/2000,30.48
Honorable,Demeter Overstone,fiction,11/11/2016,48.33
Ms,Elyse Howselee,fiction,10/19/2004,42.36
Mr,Leela Prendergrass,mystery,12/29/2004,10.04
Honorable,Kipp Kleinhausen,fiction,10/5/2009,41.16
Dr,Gare O'Breen,non-fiction,11/6/2022,48.98
Dr,Malvin Sullivan,fiction,8/13/2003,29.79
Honorable,Katina Bransgrove,romance,6/1/2020,5.73
Dr,Judd Klimov,romance,4/7/2001,41.84
Ms,Wendell Lardier,romance,7/23/2002,40.32
Mrs,Doll Sickamore,non-fiction,2/9/2018,29.43
Mrs,Emmett Hamlet,mystery,8/30/2022,39.22
Rev,Culver Camblin,sci-fi,12/13/2007,38.13
Rev,Barbara Kefford,romance,8/2/2012,18.98
Mr,Armando Gjerde,fiction,12/11/2017,22.84
Mr,Karlyn Jakobsson,mystery,6/12/2016,16.66
Rev,Ingram Priddle,sci-fi,10/17/2013,44.07
Honorable,Ruddie Danter,romance,12/13/2016,21.69
Rev,Nara Tilling,fiction,3/10/2019,22.05
Honorable,Margo Jozaitis,non-fiction,3/13/2013,44.96
Honorable,Kattie Van Oort,sci-fi,8/24/2004,12.26
Mr,Ali Manueau,fiction,2/4/2014,38.2
Mrs,Hugibert Bonsey,romance,8/9/2018,43.2
Rev,Gianina Ragbourn,romance,8/2/2018,33.71
Ms,Scarlet Hulburt,non-fiction,11/6/2007,29.92
Rev,Celestyna Buckoke,sci-fi,5/23/2003,14.56
Honorable,Maia Bolens,fiction,4/14/2017,41.75
Mr,Vivyanne Lydiatt,romance,8/3/2012,10.41
Ms,Esra McIlhone,mystery,7/8/2011,36.97
Mr,Rafaellle Taylder,mystery,12/20/2002,32.44
Honorable,Berti Ligerton,romance,11/10/2013,48.76
Dr,Merill Isaak,romance,9/4/2015,46.63
Ms,Gena Flowerden,romance,10/20/2020,36.51
Honorable,Clary Barense,sci-fi,11/17/2008,19.18
Rev,Niels Ovenell,non-fiction,5/22/2016,29.83
Honorable,Lorry Pitrasso,non-fiction,8/15/2001,35.53
Dr,Shurlocke Trewin,romance,3/8/2001,48.93
Ms,Eliot Gohier,fiction,10/13/2017,36.26
Mrs,Gage Clair,sci-fi,7/7/2013,43.0
Honorable,Ricki Bragger,romance,3/19/2017,39.22
Ms,Roth Deamer,mystery,2/8/2006,21.33
Ms,Cairistiona Ladell,non-fiction,5/13/2013,24.6
Rev,Alexandrina MacAne,non-fiction,10/19/2014,18.84
Dr,Shane Curner,sci-fi,8/28/2010,9.38
Honorable,Babbie Blaisdale,mystery,6/18/2014,34.23
Rev,Gregory Hunston,sci-fi,7/2/2006,39.6
Mrs,Arlina Glowacz,non-fiction,3/27/2018,25.71
Dr,Caitlin Perree,mystery,8/31/2000,47.37
Mrs,Jacki Helstrip,non-fiction,10/16/2008,13.29
Dr,Lula Erdely,mystery,6/16/2000,8.02
Honorable,Alicia Deverock,fiction,10/11/2022,48.0
Dr,Kiel Wickersley,fiction,5/13/2000,24.21
Dr,Dallas Badger,romance,10/13/2002,8.39
Dr,Yves Arsnell,romance,8/28/2002,36.67
Ms,Lishe Pittam,mystery,6/27/2019,29.47
Ms,Scarlet Bauser,romance,10/25/2012,24.67
Mrs,Oran McKearnen,non-fiction,11/25/2019,10.1
Mr,Ivett Ambrogelli,fiction,9/8/2019,31.77
Ms,Vevay Button,sci-fi,7/9/2015,7.55
Honorable,Corena McGibbon,fiction,6/19/2022,22.65
Rev,Jenn Balharrie,mystery,1/25/2021,18.55
Ms,Frannie Guiso,mystery,4/24/2021,8.32
Rev,Lemmie Mullord,mystery,3/30/2021,7.36
Honorable,Hedwig Caldayrou,romance,12/24/2018,8.58
Honorable,Melesa MacGillacolm,romance,3/4/2014,18.86
Mr,Randi Dallyn,romance,11/12/2012,9.16
Ms,Billy Fredy,mystery,4/8/2016,6.21
Dr,Hale Everiss,fiction,10/5/2019,17.03
Dr,Katrine Gannicott,sci-fi,2/7/2008,39.83
Honorable,Yettie Gingles,non-fiction,5/30/2008,22.38
Dr,Annaliese Ofener,fiction,4/20/2003,30.3
Mr,Anson Unstead,mystery,10/20/2014,46.46
Dr,Tammie Raiman,mystery,11/20/2013,20.74
Honorable,Cornela Evered,sci-fi,7/19/2008,44.47
Mrs,Evelyn Hankard,mystery,2/26/2006,18.52
Mr,Vikki Fearick,sci-fi,9/26/2010,15.36
Mr,Alexandre Whitcombe,fiction,7/10/2006,42.87
Honorable,Kassandra Belham,sci-fi,7/26/2008,6.88
Honorable,Valerye Bowers,non-fiction,10/8/2000,12.85
Dr,Crissy Sallowaye,romance,8/21/2022,31.38
Rev,Roxane McLanachan,sci-fi,1/7/2016,12.19
Ms,Wrennie Rawlison,romance,4/27/2020,18.66
Mrs,Essy Thalmann,sci-fi,11/18/2015,37.14
Rev,Jessamyn Holcroft,fiction,12/10/2015,8.94
Mr,Sophey Dassindale,non-fiction,11/28/2018,6.26
Ms,Chrissie Iskowicz,non-fiction,9/4/2020,42.14
Mrs,Cris Alexsandrov,romance,4/7/2017,14.22
Mrs,Cesar Honeyghan,romance,7/10/2007,15.82
Mrs,Evan Hopewell,non-fiction,7/14/2018,15.22
Mrs,Judi Morteo,mystery,9/22/2016,25.25
Ms,Lionello Mouncey,sci-fi,12/28/2008,37.28
Rev,Vanda Caulliere,romance,11/10/2018,8.48
Rev,Richardo Blastock,sci-fi,8/8/2004,36.56
Mrs,Arleen Codd,non-fiction,7/27/2000,45.43
Ms,Joey Nicklinson,non-fiction,10/9/2018,34.17
Honorable,Lindsay Dillinger,non-fiction,2/17/2007,39.92
Mr,Anni Stower,sci-fi,12/25/2008,37.92
Mr,Saraann Tunder,non-fiction,9/2/2014,27.29
Mrs,Karlene Ranfield,sci-fi,9/13/2017,38.43
Honorable,Chilton Ciccottini,sci-fi,1/10/2022,16.56
Ms,Davidde Ledner,fiction,4/16/2015,36.48
Dr,Sanderson Younglove,romance,3/9/2019,26.02
Mr,Amandie Davall,mystery,1/17/2004,20.69
Rev,Liana Tandey,fiction,9/13/2019,10.21
Dr,Leland Rings,non-fiction,7/8/2014,46.03
Mrs,Curtice Willey,fiction,9/20/2015,7.89
Dr,Almeria Vedenisov,non-fiction,9/10/2021,38.49
Rev,Camila Palphramand,fiction,12/21/2015,27.49
Honorable,Dew Root,non-fiction,2/16/2011,25.62
Ms,Maible Pound,romance,4/8/2019,32.43
Mrs,Ashil Halbord,mystery,5/7/2000,41.55
Dr,Allan Peeter,fiction,2/5/2006,22.1
Ms,Kyle Merrydew,romance,10/6/2021,17.57
Ms,Chelsea Mortimer,romance,9/12/2006,45.0
Mr,Bobbette Brocket,fiction,12/29/2012,46.72
Mrs,Ezra Mawhinney,romance,3/22/2007,18.84
Dr,Abby Gypson,fiction,8/18/2003,35.55
Rev,Jodi Vasile,non-fiction,7/3/2017,8.58
Dr,Amelina Jocelyn,sci-fi,7/7/2008,43.47
Rev,Ashbey Cockrell,fiction,8/15/2017,16.95
Honorable,Rollin Aleksandrov,non-fiction,7/7/2019,10.86
Dr,Abelard Gammie,fiction,7/6/2013,47.4
Ms,Garek Impett,sci-fi,6/4/2022,11.28
Mr,Dorolisa Jeenes,fiction,12/30/2006,44.57
Mr,Ranna O'Corhane,sci-fi,8/25/2010,39.39
Ms,Hedwig Palmby,sci-fi,2/5/2008,20.21
Mrs,Crichton Neubigging,mystery,5/15/2002,31.57
Ms,Hamlin Daynter,non-fiction,7/8/2008,49.92
Honorable,Lydia Pendrich,mystery,12/13/2006,29.59
Dr,Carroll Bohlje,mystery,12/17/2004,43.78
Mr,Tanhya Kerton,non-fiction,9/30/2004,24.43
Ms,Wayland Ranyell,fiction,5/29/2000,5.56
Ms,Ninnetta Colwell,non-fiction,12/23/2010,47.66
Ms,Holmes Barriball,sci-fi,1/29/2008,42.59
Rev,Krishna Walley,non-fiction,7/23/2002,27.27
Ms,Babita Siene,mystery,12/6/2013,29.05
Mrs,Kalie Chatto,fiction,7/22/2003,39.24
Honorable,Michaela Boodle,non-fiction,10/9/2001,27.96
Mr,Luther Bohje,mystery,5/27/2021,23.65
Mr,Sharline Ebbett,non-fiction,1/22/2021,21.35
Mrs,Angele Buske,sci-fi,4/1/2006,45.29
Ms,Hannie Buy,sci-fi,6/7/2000,38.22
Honorable,Leah Reavey,sci-fi,10/4/2021,33.22
Ms,Toiboid Winspire,fiction,3/28/2007,8.71
Mr,Mela Valentine,sci-fi,6/17/2012,34.81
Honorable,Danell Potebury,non-fiction,8/16/2014,48.3
Ms,Thorn Hartropp,fiction,12/10/2012,33.69
Honorable,Joya Janc,non-fiction,12/20/2008,19.91
Dr,Jamima Lars,mystery,8/18/2003,15.23
Rev,Onfroi Pearsey,romance,7/30/2006,35.89
Honorable,Mollee O'Murtagh,fiction,12/31/2014,49.51
Mr,Lucilia Stickford,mystery,9/29/2014,30.05
Ms,Peirce Colthard,mystery,2/5/2012,41.42
Ms,Temple Andrieux,non-fiction,7/14/2004,36.62
Ms,Elyssa Gant,romance,11/12/2013,42.42
Mr,Justino Banford,fiction,4/29/2015,24.85
Rev,Allison Seamons,fiction,2/27/2001,43.4
Honorable,Franky Brion,sci-fi,8/16/2021,15.28
Dr,Elfreda Heddon,fiction,9/26/2014,23.44
Mr,Aldo Blockley,non-fiction,3/22/2005,5.17
Honorable,Sandy O'Kielt,romance,11/21/2015,16.58
Mr,Lanie Rafferty,sci-fi,5/27/2015,27.21
Dr,Jocelyn Brugden,mystery,8/16/2012,46.71
Mr,Mischa Gioani,fiction,10/10/2003,14.82
Mrs,Gerik Clift,fiction,8/23/2016,11.83
Mr,Barty Procter,romance,9/20/2001,35.71
Mr,Janice Dunguy,mystery,6/11/2018,5.73
Ms,Quinton Edgcumbe,romance,7/17/2010,35.08
Dr,Ody Genicke,fiction,6/24/2017,37.99
Dr,Nels Gosden,mystery,11/7/2002,15.9
Rev,Denice Birkinshaw,fiction,2/25/2019,6.23
Mrs,Ignacius Axell,mystery,1/11/2001,31.81
Rev,Briney Angerstein,sci-fi,6/19/2004,48.99
Rev,Torr Mangan,sci-fi,6/13/2003,34.01
Mrs,Kessiah Sima,fiction,12/25/2004,23.43
Rev,Feliza Thorington,romance,9/1/2013,10.66
Mr,Mireielle Chimienti,mystery,4/29/2007,34.07
Dr,Jakob Tindle,mystery,2/23/2013,6.13
Rev,Cecilio Grealey,romance,10/14/2019,23.65
Mr,Alessandro Derks,non-fiction,9/12/2014,26.55
Dr,Mirella Laraway,romance,12/7/2006,13.53
Rev,Sigfrid Hickisson,mystery,12/4/2018,47.57
Honorable,Venita Olliar,fiction,12/13/2007,45.71
Ms,Nathaniel Soden,romance,10/16/2015,28.85
Dr,Christina Iverson,mystery,10/5/2013,30.41
Mrs,Gail Chessor,mystery,7/25/2020,45.42
Mr,Corrie Matchitt,non-fiction,8/31/2021,10.04
Rev,Inge Thorrold,mystery,9/22/2008,15.04
Rev,Fey Baunton,sci-fi,8/10/2010,36.62
Honorable,Dennie Houndesome,romance,3/16/2007,46.48
Mrs,Jocelyne Castelain,non-fiction,1/26/2018,20.47
Mr,Winnie Dybell,sci-fi,3/16/2003,9.07
Dr,Malissa Yoell,sci-fi,5/26/2013,36.2
Rev,Adrian MacKaig,mystery,5/26/2010,31.66
Mrs,Jessalyn Sallowaye,mystery,1/17/2020,32.88
Rev,Rose McGennis,sci-fi,4/12/2008,34.88
Mrs,Berton Mityushin,romance,7/6/2004,34.11
Mrs,Ayn Stockport,romance,8/1/2000,39.5
Ms,Maiga Illesley,mystery,5/12/2001,11.53
Rev,Garner Roizn,mystery,8/9/2004,38.49
Honorable,Peterus Rounding,mystery,9/29/2017,22.77
Mrs,Corella Carnegy,non-fiction,7/26/2000,41.51
Mr,Ira Connop,mystery,9/7/2007,46.13
Mr,Vally Bretherton,mystery,9/17/2015,8.59
Ms,Mason Ramet,fiction,11/30/2011,36.01
Ms,Crawford Danelut,romance,11/20/2002,36.58
Honorable,Kearney Columbine,fiction,4/4/2022,8.57
Ms,Gusta Mann,sci-fi,8/24/2019,10.18
Mr,April Bebis,fiction,8/25/2014,42.13
Mrs,Joyan Durden,fiction,7/17/2006,34.05
Ms,Carolyn Prue,sci-fi,5/9/2020,6.83
Dr,Arlyne Vanyard,non-fiction,11/1/2010,28.36
Ms,Holly Linfoot,sci-fi,12/28/2022,46.22
Honorable,Stacy Pabst,fiction,5/3/2004,15.22
Mrs,Lauretta Bellefant,romance,7/29/2013,23.35
Dr,Petunia Swinburne,fiction,11/7/2013,19.17
Honorable,Aretha Lynagh,romance,2/24/2000,12.73
Mrs,Izabel Seyffert,romance,6/18/2014,43.59
Mr,Washington McGerraghty,sci-fi,12/28/2001,26.04
Mrs,Modesty Maron,sci-fi,9/17/2011,48.15
Rev,Franz Phelip,mystery,5/31/2003,36.33
Honorable,Morly Tompkin,fiction,1/22/2006,5.76
Dr,Arden Reinisch,mystery,12/26/2006,22.0
Ms,Willy Edyson,non-fiction,8/14/2008,5.35
Dr,Taffy Parsonage,mystery,5/31/2007,20.65
Mr,Tracey Tichner,non-fiction,12/17/2005,37.32
Honorable,Sileas Landman,fiction,4/16/2008,27.3
Rev,Shelli Omond,sci-fi,7/31/2020,23.26
Dr,Nicol Blackshaw,romance,3/23/2016,45.15
Mrs,Eleanor Hatzar,fiction,10/15/2007,18.64
Mrs,Irena Le Count,mystery,8/1/2020,23.88
Mrs,Clemente O'Caherny,fiction,7/1/2016,37.46
Dr,Yancey Trulock,mystery,8/23/2012,33.67
Rev,Bryon Lawly,fiction,5/30/2017,38.03
Mr,Elora Habbin,mystery,6/20/2007,22.37
Ms,Kellen Duckworth,sci-fi,11/22/2007,31.8
Ms,Waverley Gourlay,fiction,6/4/2017,19.44
Rev,Terri Sallarie,mystery,5/22/2014,39.5
Dr,Lennie Heater,fiction,7/16/2011,46.95
Mr,Almire Hathwood,romance,11/9/2012,30.09
Mrs,Ninette Grimsdyke,non-fiction,5/15/2002,44.79
Mrs,Lorraine Bazell,romance,7/8/2018,10.83
Honorable,Kamilah McElwee,romance,4/22/2005,45.84
Mr,Nalani Housaman,mystery,5/6/2021,47.88
Ms,Sibylla Hegg,mystery,4/18/2012,37.95
Ms,Leona Lorenzini,fiction,5/20/2001,43.47
Mr,Archibald Doswell,sci-fi,12/27/2011,17.95
Mrs,Tuck Waberer,romance,4/2/2010,41.12
Ms,Tiffie Barizeret,fiction,4/20/2016,15.26
Dr,Courtenay Orht,sci-fi,6/23/2020,42.44
Ms,Daron Hargess,mystery,6/8/2005,11.99
Ms,Ollie MacTavish,fiction,1/6/2004,12.12
Ms,Delaney Hess,fiction,4/23/2017,18.51
Ms,Ginevra Shoveller,mystery,11/1/2008,38.48
Honorable,Lela MacKenney,fiction,6/5/2005,38.64
Honorable,Candra Gradwell,romance,11/20/2022,48.89
Ms,Cory Arkil,sci-fi,2/22/2000,24.69
Ms,Ruthy Befroy,mystery,4/18/2015,41.69
Dr,Filip Thomerson,non-fiction,12/15/2009,15.27
Rev,Paquito Bichard,non-fiction,11/17/2020,6.83
Dr,Maire Maryott,sci-fi,6/10/2005,14.35
Mrs,Gunther Pie,romance,1/23/2019,39.57
Ms,Georges Feldheim,fiction,3/17/2010,11.58
Rev,Arlette Basten,fiction,10/24/2022,26.07
Ms,Wilhelmine Sandom,romance,7/1/2017,9.7
Mr,Raquela Renner,romance,10/9/2022,20.88
Mr,Violante Loram,fiction,8/24/2014,41.32
Rev,Melli Umney,non-fiction,4/8/2022,19.89
Ms,Shanda Duplain,non-fiction,10/5/2019,42.25
Rev,Dari Drewell,non-fiction,7/12/2007,48.79
Mrs,Becca Andriss,non-fiction,5/24/2013,21.2
Mrs,Orren Nitti,mystery,11/2/2004,43.9
Honorable,Uta Taffrey,fiction,6/26/2009,39.37
Rev,Otho Dellit,non-fiction,5/2/2017,16.23
Mrs,Mordy Kurton,romance,7/26/2018,22.89
Mrs,Lorinda Northcott,fiction,12/12/2003,31.23
Mr,Dannel McCraine,non-fiction,3/23/2005,34.0
Rev,Matthus Heers,mystery,9/29/2017,13.54
Rev,Si Issit,mystery,8/6/2005,17.27
Ms,Leonora Kerby,romance,11/23/2005,10.28
Dr,Cate Dillon,non-fiction,1/14/2015,43.61
Mr,Alysia McCourtie,sci-fi,6/30/2003,40.26
Rev,Elmer Comolli,romance,2/15/2005,13.62
Rev,Inesita Paladini,sci-fi,3/10/2020,6.55
Dr,Gloriane Duligall,sci-fi,7/11/2019,44.25
Mrs,Giffy Dillinton,non-fiction,7/26/2014,9.46
Mrs,Sammy Benit,sci-fi,11/16/2013,27.79
Mr,Otha Cosgriff,non-fiction,12/25/2011,12.87
Honorable,Ann Quaife,sci-fi,2/22/2019,39.22
Mr,Brinn Jeannot,romance,6/15/2013,12.28
Ms,Frazier Brezlaw,sci-fi,12/20/2016,7.37
Mr,Carlee Starcks,mystery,11/26/2009,34.57
Ms,Teresita Blowes,romance,9/13/2021,33.11
Honorable,Aldridge De Carolis,sci-fi,12/26/2011,46.34
Dr,Gerti Seed,mystery,5/23/2003,26.85
Mr,Robinet Smye,fiction,3/22/2019,48.47
Ms,Marcellus Challen,fiction,6/10/2020,13.84
Dr,Hollis Scoyles,romance,2/28/2021,30.29
Rev,Kordula Scurrey,fiction,3/10/2019,31.51
Rev,Jeanie Livings,fiction,9/29/2005,25.33
Mrs,Madlen Scruton,mystery,6/6/2010,9.89
Mr,Edd Adamiec,sci-fi,5/14/2002,20.08
Honorable,Tate Hugnot,fiction,3/19/2011,22.1
Mr,Ted Driffill,romance,6/15/2013,35.72
Ms,Natal Itzhaiek,sci-fi,5/21/2006,24.57
Ms,Levi Heindl,non-fiction,4/25/2013,38.74
Mr,Alejoa Kemery,sci-fi,5/24/2017,27.24
Ms,Chicky Poynzer,sci-fi,5/31/2019,23.24
Ms,Glory Giraldez,romance,12/27/2019,16.5
Mr,Connie Petrollo,non-fiction,12/18/2021,8.09
Ms,Abraham Lamden,mystery,12/28/2019,34.12
Ms,Mindy Sleford,sci-fi,4/19/2000,27.03
Rev,Gilli Venning,mystery,11/13/2011,38.03
Dr,Haleigh Solway,sci-fi,5/29/2013,28.76
Dr,Carmencita Kuhlmey,romance,11/13/2013,26.13
Mrs,Jeralee Barneveld,romance,7/13/2020,39.81
Honorable,Mischa Curee,sci-fi,5/10/2019,16.99
Mr,Elihu Downage,sci-fi,6/22/2012,23.97
Rev,Joelie Gover,non-fiction,1/14/2011,21.43
Ms,Eben McTrustam,sci-fi,5/15/2009,7.55
Mr,Roshelle Pautot,sci-fi,2/1/2014,5.98
Honorable,Angy Fisby,mystery,2/4/2011,32.19
Mrs,Gizela Landell,non-fiction,5/8/2020,11.25
Dr,Malcolm Holborn,non-fiction,3/26/2017,33.82
Mr,Rhett Viollet,sci-fi,1/4/2021,36.44
Mr,Con Peddie,sci-fi,9/14/2002,23.78
Mrs,Town Haycroft,non-fiction,1/23/2004,27.74
Ms,Lucretia Ferreres,fiction,6/30/2017,11.17
Dr,Ode Nelane,sci-fi,9/18/2009,47.6
Mr,Tab Kisbee,romance,7/15/2019,25.32
Ms,Brent Vela,sci-fi,11/13/2019,47.47
Rev,Luis Scoffins,fiction,2/8/2015,32.75
Rev,Hubey Atthowe,non-fiction,5/14/2015,42.6
Honorable,Oates Manntschke,sci-fi,1/26/2020,24.25
Rev,Appolonia Chaperlin,romance,11/14/2002,15.51
Honorable,Thorn Sadgrove,non-fiction,12/26/2010,26.51
Ms,Celisse Laming,non-fiction,11/28/2003,31.44
Rev,Emanuel Gaber,fiction,6/27/2006,39.06
Rev,Barby Mulqueeny,romance,5/24/2003,44.57
Honorable,Tatiana Sumpner,non-fiction,8/12/2019,29.54
Honorable,Marchall Bellringer,romance,3/30/2006,38.6
Dr,Lena Leer,fiction,3/26/2012,17.03
Mr,Harald Dilon,romance,11/7/2007,30.51
Honorable,Hailey Pylkynyton,fiction,3/22/2012,34.79
Dr,Gabbie Sheeres,sci-fi,5/31/2021,31.45
Ms,Ezmeralda Skittrell,non-fiction,5/31/2006,10.04
Mr,Mia Hendonson,fiction,6/27/2010,7.24
Mr,Golda Kleimt,sci-fi,4/30/2005,16.02
Rev,Cordell Eustace,mystery,8/19/2002,42.44
Mr,Brendis Oldrey,sci-fi,3/24/2021,43.32
Mr,Hube Tavinor,mystery,4/4/2012,41.2
Mr,Annabelle Critchlow,romance,11/10/2003,46.46
Rev,Corena Haveline,romance,2/10/2013,14.82
Mr,Cassaundra Shier,non-fiction,12/9/2003,13.27
Mr,Bernie Blakeston,non-fiction,12/17/2019,30.36
Dr,Dorene Nilles,mystery,4/7/2005,11.17
Ms,Tobit Jenk,mystery,9/26/2020,21.73
Honorable,Dottie Cayette,romance,2/16/2015,6.05
Honorable,Fonz Lintall,non-fiction,12/8/2020,28.77
Rev,Gavin Feilden,fiction,6/14/2002,8.94
Rev,Krispin Clutheram,non-fiction,10/7/2016,32.88
